<?xml version="1.0" encoding="UTF-8" ?>
<assembly xmlns="http://maven.apache.org/ASSEMBLY/2.0.0">
    <id>release</id>

    <formats>
        <format>zip</format>
    </formats>

    <includeBaseDirectory>false</includeBaseDirectory>

    <fileSets>
        <fileSet>
            <directory>src/dist/resources</directory>
            <outputDirectory></outputDirectory>
        </fileSet>
    </fileSets>

    <dependencySets>
        <dependencySet>
            <useProjectArtifact>true</useProjectArtifact>
            <excludes>
                <exclude>*:jar</exclude>
            </excludes>
            <outputFileNameMapping>${artifact.artifactId}.${artifact.extension}</outputFileNameMapping>
            <outputDirectory></outputDirectory>
        </dependencySet>
    </dependencySets>
</assembly>